Title,Authors,Series,Genre 1,Genre 2,Type,Page Count,ISBN/UID,Read Status,Date Added,Last Date Read,Dates Read,Read Count
The Baby Dragon Bakery,A.T. Qureshi,1,Fantasy,Romance,Fiction,342,9780008742935,read,2025-05-27,2025/09/15,2025/09/01-2025/09/15,1
The Baby Dragon Café,A.T. Qureshi,1,Fantasy,Romance,Fiction,312,9780008727666,read,2025-05-27,2025/05/28,2025/05/27-2025/05/28,1
A Witch's Guide to Love and Poison,A.T. Qureshi,0,Fantasy,Romance,Fiction,328,9781444977486,read,2025-06-04,2025/06/04,2025/06/01-2025/06/04,1
Weybridge Academy: The Complete Series,Alexandra Moody,,,,Fiction,,,did-not-finish,2025-03-12,,,0
Bride,Ali Hazelwood,1,Fantasy,Romance,Fiction,399,9780593550403,read,2024-03-23,2024/03/23,2024/03/21-2024/03/23,1
Cruel Winter with You,Ali Hazelwood,1,Romance,Contemporary,Fiction,73,B0D9KNVB11,read,2024-11-16,2024/11/16,2024/11/16-2024/11/16,1
Deep End,Ali Hazelwood,1,Romance,Sports,Fiction,446,9780593550441,read,2024-12-12,2025/02/08,2025/02/06-2025/02/08,1
Hot For Slayer,Ali Hazelwood,1,Fantasy,Romance,Fiction,94,9781662528408,read,2025-09-28,2025/10/13,2025/10/13-2025/10/13,1
Mate,Ali Hazelwood,1,Fantasy,Romance,Fiction,448,9780593952580,read,2025-10-11,2025/10/10,2025/10/09-2025/10/10,1
Not in Love,Ali Hazelwood,0,Romance,Contemporary,Fiction,379,9781408728918,read,2024-05-12,2024/06/16,2024/06/15-2024/06/16,1
Problematic Summer Romance,Ali Hazelwood,0,Romance,Contemporary,Fiction,402,9798217188123,read,2025-05-27,2025/06/07,2025/06/05-2025/06/07,1
Two Can Play,Ali Hazelwood,0,Romance,Contemporary,Fiction,208,9781408737200,read,2025-12-01,2026/02/11,2026/02/11-2026/02/11,1
A Sorceress and Scones,Allie Leigh,1,Fantasy,Romance,Fiction,218,9781778043154,read,2025-05-22,2025/05/21,2025/05/19-2025/05/21,1
A Fragile Enchantment,Allison Saft,0,Fantasy,Romance,Fiction,373,9781250892836,read,2024-04-03,2024/04/02,2024/04/01-2024/04/02,1
King of Envy,Ana Huang,1,Romance,Contemporary,Fiction,510,9780349436395,read,2024-05-12,2025/05/16,2025/05/16-2025/05/16,1
King of Envy: Bonus Scene,Ana Huang,1,Romance,Contemporary,Fiction,13,,read,2025-05-17,2025/05/16,2025/05/16-2025/05/16,1
King of Gluttony,Ana Huang,1,Romance,Contemporary,Fiction,418,9781728289779,read,2024-05-12,2026/05/01,2026/05/01-2026/05/01,1
King of Sloth,Ana Huang,1,Romance,Contemporary,Fiction,458,,read,2024-05-04,2024/05/04,2024/05/02-2024/05/04,1
The Striker,Ana Huang,1,Romance,Sports,Fiction,577,9780349442259,read,2024-05-12,2024/10/11,2024/10/09-2024/10/11,1
Bride of the Fae Prince,Anastasis Blythe,1,Fantasy,Romance,Fiction,539,B0D3FQC4Z3,read,2025-03-25,2025/03/24,2025/03/21-2025/03/24,1
The Golden Goal,Annah Conwell,1,Romance,Sports,Fiction,281,9798873280766,read,2024-07-15,2024/07/16,2024/07/15-2024/07/16,1
The Perfect Putt,Annah Conwell,1,Romance,Sports,Fiction,250,B0CQB9L947,read,2024-07-15,2024/07/18,2024/07/16-2024/07/18,1
The Run Option,Annah Conwell,1,Romance,Sports,Fiction,237,B0D5J4ZPST,read,2025-03-31,2025/03/31,2025/03/30-2025/03/31,1
Offside,Avery Keelan,1,Romance,Sports,Fiction,699,,read,2024-03-17,2024/03/17,2024/03/15-2024/03/17,1
Shutout,Avery Keelan,1,Romance,Sports,Fiction,336,,read,2024-03-18,2024/03/18,2024/03/17-2024/03/18,1
Dragonsbane,Brady Hunsaker,1,Dystopian,Fantasy,Fiction,296,,read,2025-02-10,2025/02/10,2025/02/08-2025/02/10,1
A Major Puck Up,Brittanée Nicole,1,Romance,Sports,Fiction,536,B0CVF8V2K3,read,2025-04-06,2025/04/10,2025/04/08-2025/04/10,1
Hockey Boy,Brittanée Nicole,1,Romance,Sports,Fiction,492,B0CW6HCYCX,read,2025-04-06,2025/04/17,2025/04/15-2025/04/17,1
Mother Faker,Brittanée Nicole,1,Romance,Contemporary,Fiction,340,B0CGXN3K5V,read,2024-04-19,2024/04/17,2024/04/14-2024/04/17,1
Pucking Revenge,Brittanée Nicole,1,Romance,Sports,Fiction,384,B0CLL1BXH6,read,2025-04-06,2025/04/08,2025/04/06-2025/04/08,1
War,Brittanée Nicole,1,Romance,Sports,Fiction,436,B0CZL111SV,read,2025-04-06,2025/04/04,2025/04/02-2025/04/04,1
Momcom Vacation,"Brittanée Nicole, Swati M.H., Daphne Elliot, Jenni Bara",1,Romance,Contemporary,Fiction,119,B0DTGL1V3T,read,2025-03-25,2025/03/25,2025/03/25-2025/03/25,1
The Love Algorithm,Camilla Isley,1,Romance,Contemporary,Fiction,248,9781837519538,read,2024-06-03,2024/06/03,2024/06/03-2024/06/03,1
Children of Fallen Gods,Carissa Broadbent,1,Fantasy,Romance,Fiction,624,9780998461960,read,2025-01-16,2025/01/12,2025/01/10-2025/01/12,1
Daughter of No Worlds,Carissa Broadbent,1,Fantasy,Romance,Fiction,507,9780998461946,read,2025-01-16,2025/01/10,2025/01/09-2025/01/10,1
Mother of Death and Dawn,Carissa Broadbent,1,Fantasy,Romance,Fiction,709,9780998461977,read,2025-01-16,2025/01/16,2025/01/13-2025/01/16,1
Six Scorched Roses,Carissa Broadbent,1,Fantasy,Romance,Fiction,206,B0BWYWD2C4,read,2026-04-27,2026/04/27,2026/04/27-2026/04/27,1
Slaying the Vampire Conqueror,Carissa Broadbent,1,Fantasy,Romance,Fiction,452,B0BY9DRDK3,read,2026-05-02,2026/07/27,2026/07/26-2026/07/27,1
The Fallen & the Kiss of Dusk,Carissa Broadbent,1,Fantasy,Romance,Fiction,556,9781250367815,read,2026-04-29,2026/04/30,2026/04/29-2026/04/30,1
The Songbird & the Heart of Stone,Carissa Broadbent,1,Fantasy,Romance,Fiction,430,9781250367785,read,2026-04-29,2026/04/28,2026/04/27-2026/04/28,1
Catch Me,Carlie Jean,1,Fantasy ,Sports,Fiction,315,B0D9PBSZT8,read,2025-02-25,2025/03/03,2025/03/01-2025/03/03,1
Keep Me,Carlie Jean,1,Romance,Sports,Fiction,305,,read,2024-06-05,2024/08/03,2024/08/03-2024/08/03,1
Promise Me,Carlie Jean,1,Romance,Sports,Fiction,319,B0CBHLRKPT,read,2024-06-05,2024/06/05,2024/06/04-2024/06/05,1
Trust Me,Carlie Jean,1,Romance,Sports,Fiction,344,B0CL55K966,read,2024-06-05,2024/06/06,2024/06/05-2024/06/06,1
Drive Me Crazy,Carly Robyn,1,Romance,Sports,Fiction,320,9798989072224,read,2024-03-14,2024/03/14,2024/03/13-2024/03/14,1
A Coup of Tea,Casey Blair,1,Fantasy,YA,Fiction,324,9798985110104,read,2025-04-27,2025/04/30,2025/04/27-2025/04/30,1
Royal Tea Service,Casey Blair,1,Fantasy,YA,Fiction,450,9798985110159,read,2025-05-15,2025/05/15,2025/05/05-2025/05/15,1
Tea Set and Match,Casey Blair,1,Fantasy,YA,Fiction,344,9798985110135,read,2025-05-02,2025/05/01,2025/04/30-2025/05/01,1
Better in Black,Cassandra Clare,1,Fantasy,YA,Fiction,456,,read,2026-01-31,2026/02/01,2026/01/31-2026/02/01,1
Bittersweet Memories,Catharina Maura,1,Romance,Contemporary,Fiction,442,B09PSMSYJY,read,2024-04-30,2024/04/30,2024/04/30-2024/04/30,1
Dr. Grant,Catharina Maura,1,Romance,Contemporary,Fiction,296,B094FRDW96,read,2024-05-03,2024/05/02,2024/05/02-2024/05/02,1
Forever After All,Catharina Maura,1,Romance,Contemporary,Fiction,340,B08TX1H89L,read,2024-05-01,2024/05/01,2024/04/30-2024/05/01,1
Mine For A Moment,Catharina Maura,1,Romance,Contemporary,Fiction,375,9781464233371,read,2025-01-09,2025/01/09,2025/01/07-2025/01/09,1
Professor Astor,Catharina Maura,1,Romance,Contemporary,Fiction,332,B09BNCZGS4,read,2024-05-02,2024/05/01,2024/05/01-2024/05/01,1
The Broken Vows,Catharina Maura,1,Romance,Contemporary,Fiction,516,B0C4GRKJTF,read,2024-06-11,2024/06/11,2024/06/09-2024/06/11,1
The Devious Husband,Catharina Maura,1,Romance,Contemporary,Fiction,424,B0CTXVHQW6,read,2024-09-05,2024/09/04,2024/09/03-2024/09/04,1
The Secret Fiancée,Catharina Maura,1,Romance,Contemporary,Fiction,362,B0CJDPTB3V,read,2024-04-30,2024/04/29,2024/04/29-2024/04/29,1
The Temporary Wife,Catharina Maura,1,Romance,Contemporary,Fiction,407,B0BHN8JB7C,read,2024-04-28,2024/04/28,2024/04/27-2024/04/28,1
The Unwanted Marriage,Catharina Maura,1,Romance,Contemporary,Fiction,347,B0BT9W3ZS2,read,2024-04-29,2024/04/28,2024/04/28-2024/04/28,1
Until You,Catharina Maura,1,Romance,Contemporary,Fiction,328,B0934BZHW1,read,2024-05-02,2024/05/02,2024/05/02-2024/05/02,1
Of Blood & Nightmares,Chandelle LaVaun,1,Fantasy,Romance,Fiction,428,B0CJ3TZFQ7,read,2025-09-21,2025/09/21,2025/09/20-2025/09/21,1
The Forever Witch,Chandelle LaVaun,1,Fantasy,Romance,Fiction,288,B0F9XFWDLZ,read,2026-04-10,2026/04/10,2026/04/10-2026/04/10,1
The Potion Witch,Chandelle LaVaun,1,Fantasy,Romance,Fiction,580,B0CGR16T33,read,2025-09-19,2025/09/19,2025/09/17-2025/09/19,1
The Rose Witch,Chandelle LaVaun,1,Fantasy,Romance,Fiction,226,,read,2025-10-05,2025/10/05,2025/10/05-2025/10/05,1
The Scarlet Witch,Chandelle LaVaun,1,Fantasy,Romance,Fiction,762,,read,2025-09-19,2025/09/20,2025/09/19-2025/09/20,1
Redeeming 6,Chloe Walsh,1,Romance,YA,Fiction,761,9798388024497,read,2025-02-19,2025/02/24,2025/02/20-2025/02/24,1
Saving 6,Chloe Walsh,1,Romance,YA,Fiction,627,,read,2025-02-19,2025/02/19,2025/02/17-2025/02/19,1
Taming 7,Chloe Walsh,1,Romance,YA,Fiction,450,9781464216053,read,2025-02-19,2025/03/16,2025/03/12-2025/03/16,1
Falling,Christina Lauren,1,Fantasy,Romance,Fiction,56,9781662533587,read,2025-09-28,2025/10/13,2025/10/13-2025/10/13,1
Mother Hater,Daphne Elliot,1,Romance,Contemporary,Fiction,392,B0CHCF2B4P,read,2024-04-21,2024/04/21,2024/04/20-2024/04/21,1
Cinderella Is Faking It,Dilan Dyer,1,Romance,Contemporary,Fiction,476,B0CB74HPT7,read,2024-04-06,2024/04/05,2024/04/04-2024/04/05,1
Rapunzel Is Losing It,Dilan Dyer,1,Romance,Contemporary,Fiction,400,,read,2024-06-10,2024/06/28,2024/06/28-2024/06/28,1
A Dance with the Fae Prince,Elise Kova,1,Fantasy,Romance,Fiction,344,B08MQ1YPMZ,read,2024-02-04,2024/02/03,2024/02/02-2024/02/03,1
A Dawn with the Wolf Knight,Elise Kova,1,Fantasy,Romance,Fiction,,9781949694635,did-not-finish,2024-05-12,,,0
A Duel with the Vampire Lord,Elise Kova,1,Fantasy,Romance,Fiction,536,B09CYPWNQ6,read,2024-02-06,2024/02/05,2024/02/04-2024/02/05,1
A Duet with the Siren Duke,Elise Kova,1,Fantasy,Romance,Fiction,554,B0B9PSTF92,read,2024-02-11,2024/02/11,2024/02/08-2024/02/11,1
Of Elves and Embers,"Elle Madison, Robin D. Mahle",1,Fantasy,Romance,Fiction,410,,read,2025-09-22,2025/09/25,2025/09/23-2025/09/25,1
House of Lies and Sorrow,Emily Blackwood,1,Fantasy,Romance,Fiction,260,9798828522835,read,2024-08-21,2024/08/21,2024/08/21-2024/08/21,1
Prince of Sins and Shadows,Emily Blackwood,1,Fantasy,Romance,Fiction,298,B0BCKJG9H1,read,2024-08-21,2024/08/21,2024/08/21-2024/08/21,1
Queen of Fae and Fortune,Emily Blackwood,1,Fantasy,Romance,Fiction,293,B0C668FNVK,read,2024-08-21,2024/08/23,2024/08/23-2024/08/23,1
Trials of Saints and Glory,Emily Blackwood,1,Fantasy,Romance,Fiction,284,B0BQGZLNHJ,read,2024-08-21,2024/08/23,2024/08/22-2024/08/23,1
War of Wrath and Ruin,Emily Blackwood,1,Fantasy,Romance,Fiction,239,B0BG3FW338,read,2024-08-21,2024/08/22,2024/08/22-2024/08/22,1
The Traitor's Kiss,Erin Beaty,1,Fantasy,Romance,Fiction,368,9781250158840,read,2026-01-27,2026/02/05,2026/02/04-2026/02/05,1
Of Dragons and Desire,G.K. DeRosa,1,Fantasy,Romance,Fiction,426,9798866922758,read,2025-09-22,2025/09/21,2025/09/21-2025/09/21,1
Be With Me,Gabrielle Sands,1,Romance,Contemporary,Fiction,408,B0DL8KF72D,read,2025-08-24,2025/08/24,2025/08/24-2025/08/24,1
Stealing Home,Grace Reilly,1,Romance,Sports,Fiction,372,9780063387126,read,2024-07-05,2024/07/05,2024/07/04-2024/07/05,1
Downforce,Hannah Lily,1,Romance,Sports,Fiction,500,,read,2024-08-28,2024/08/28,2024/08/28-2024/08/28,1
My Darling Bride,Ilsa Madden-Mills,1,Romance,Sports,Fiction,327,9781662514012,read,2024-05-25,2024/05/24,2024/05/23-2024/05/24,1
A Fellowship of Bakers & Magic,J. Penner,1,Fantasy,Romance,Fiction,313,,read,2025-07-08,2025/07/08,2025/07/06-2025/07/08,1
A Fellowship of Curses & Cats,J. Penner,1,Fantasy,Romance,Fiction,276,B0DLWYQWFR,read,2025-07-08,2025/07/29,2025/07/27-2025/07/29,1
A Fellowship of Games and Fables,J. Penner,1,Fantasy,Romance,Fiction,272,9781464243790,read,2025-07-08,2025/07/22,2025/07/18-2025/07/22,1
A Fellowship of Librarians and Dragons,J. Penner,1,Fantasy,Romance,Fiction,304,9781464243776,read,2025-07-08,2025/07/13,2025/07/10-2025/07/13,1
Spicy Little Curses,J.T. Geissinger,1,Fantasy,Romance,Fiction,90,9781662535079,read,2025-09-28,2025/10/13,2025/10/13-2025/10/13,1
Viciously Yours,Jamie Applegate Hunter,1,Fantasy,Romance,Fiction,276,9798874201982,read,2024-12-29,2024/12/29,2024/12/28-2024/12/29,1
First Meet Foul,Jaqueline Snowe,1,Romance,Sports,Fiction,332,9798391452379,read,2024-11-09,2024/09/02,2024/09/02-2024/09/02,1
From the Top,Jaqueline Snowe,1,Romance,Sports,Fiction,280,,read,2024-08-30,2024/08/30,2024/08/30-2024/08/30,1
Off the Ice,Jaqueline Snowe,1,Romance,Sports,Fiction,294,,read,2024-08-30,2024/08/29,2024/08/29-2024/08/29,1
Scoring Forever,Jaqueline Snowe,1,Romance,Sports,Fiction,311,B0CTHRV8Z1,read,2024-11-09,2024/09/02,2024/09/01-2024/09/02,1
The Summer Playbook,Jaqueline Snowe,1,Romance,Sports,Fiction,326,9798873432585,read,2024-11-09,2024/09/01,2024/08/31-2024/09/01,1
Of Shadows and Fae,Jen L. Grey,1,Fantasy,Romance,Fiction,378,9798889530800,read,2025-09-22,2025/09/23,2025/09/22-2025/09/23,1
My Roommate Is a Vampire,Jenna Levine,1,Fantasy,Romance,Fiction,341,9780593548912,read,2024-03-25,2024/03/25,2024/03/23-2024/03/25,1
Colton,Jenna Myles,1,Romance,Contemporary,Fiction,307,9781738662654,read,2026-01-05,2026/01/06,2026/01/06-2026/01/06,1
John,Jenna Myles,1,Romance,Contemporary,Fiction,506,B0CNV9CBNJ,read,2026-01-05,2026/01/15,2026/01/13-2026/01/15,1
Jonas,Jenna Myles,1,Romance,Contemporary,Fiction,373,,read,2026-01-05,2026/01/08,2026/01/07-2026/01/08,1
Kade,Jenna Myles,1,Romance,Contemporary,Fiction,218,B0B9DHKNK2,read,2026-01-05,2026/01/05,2026/01/05-2026/01/05,1
Micah,Jenna Myles,1,Romance,Contemporary,Fiction,258,B0B9HZQH2L,read,2026-01-05,2026/01/06,2026/01/05-2026/01/06,1
Nick,Jenna Myles,1,Romance,Contemporary,Fiction,340,B0C8SLB37F,read,2026-01-05,2026/01/12,2026/01/10-2026/01/12,1
Zach,Jenna Myles,1,Romance,Contemporary,Fiction,384,B0BHV4BL34,read,2026-01-05,2026/01/07,2026/01/06-2026/01/07,1
Mother Maker,Jenni Bara,1,Romance,Sports,Fiction,308,,read,2024-04-17,2024/04/17,2024/04/15-2024/04/17,1
The Fake Out,Jenni Bara,1,Romance,Sports,Fiction,330,B0CVCGDTB7,read,2024-12-27,2024/12/28,2024/12/27-2024/12/28,1
The Fall Out,Jenni Bara,1,Romance,Sports,Fiction,343,,read,2024-04-22,2024/04/22,2024/04/21-2024/04/22,1
The Foul Out,Jenni Bara,1,Romance,Sports,Fiction,415,B0CVCRK1X3,read,2024-12-27,2024/12/27,2024/12/27-2024/12/27,1
Welcome to Fae Cafe,Jennifer Kropf,1,Fantasy,Romance,Fiction,371,9781990555299,read,2025-07-03,2025/07/03,2025/07/01-2025/07/03,1
Canadian Boyfriend,Jenny Holiday,1,Romance,Sports,Fiction,371,9781538724941,read,2024-04-12,2024/04/12,2024/04/08-2024/04/12,1
Romancing the Grump,Jenny Proctor,1,Romance,Sports,Fiction,333,9798989342228,read,2024-05-24,2024/05/23,2024/05/22-2024/05/23,1
Bound to the Dark Elf King,Jessica Grayson,1,Fantasy,Romance,Fiction,426,,read,2024-05-14,2024/05/14,2024/05/14-2024/05/14,1
Bound To The Elf Prince,Jessica Grayson,1,Fantasy,Romance,Fiction,304,,read,2024-02-15,2024/02/15,2024/02/14-2024/02/15,1
Claimed by the Bear King,Jessica Grayson,1,Fantasy,Romance,Fiction,228,,read,2024-02-15,2024/02/15,2024/02/15-2024/02/15,1
Captivated By The Fae,"Jessica Grayson, Aria Winter",1,Fantasy,Romance,Fiction,234,9781642532067,read,2024-02-12,2024/02/12,2024/02/11-2024/02/12,1
Rescued By The Merman,"Jessica Grayson, Aria Winter",1,Fantasy,Romance,Fiction,198,B08NHW1F2K,read,2024-02-13,2024/02/12,2024/02/12-2024/02/12,1
Taken By The Dragon,"Jessica Grayson, Aria Winter",1,Fantasy,Romance,Fiction,192,,read,2024-02-11,2024/02/11,2024/02/11-2024/02/11,1
Lucky Shot,K. Bromberg,1,Romance,Sports,Fiction,400,1942832966,read,2025-04-21,2025/04/21,2025/04/21-2025/04/21,1
Off the Grid,K. Bromberg,1,Romance,Sports,Fiction,293,2370011770079,read,2024-01-30,2024/01/28,2024/01/28-2024/01/28,1
On The Edge,K. Bromberg,1,Romance,Sports,Fiction,320,9781942832751,read,2024-01-30,2024/01/29,2024/01/28-2024/01/29,1
Out of Control,K. Bromberg,1,Romance,Sports,Fiction,317,9781942832775,read,2024-08-24,2024/08/25,2024/08/24-2024/08/25,1
Over the Limit,K. Bromberg,1,Romance,Sports,Fiction,270,9781942832768,read,2024-06-08,2024/06/14,2024/06/13-2024/06/14,1
Crown of Moonlight,K.M. Shea,1,Fantasy,Romance,Fiction,347,B08N6WG2MJ,read,2025-11-10,2025/11/12,2025/11/11-2025/11/12,1
Crown of Shadows,K.M. Shea,1,Fantasy,Romance,Fiction,359,B08N38V2PK,read,2025-11-10,2025/11/10,2025/11/09-2025/11/10,1
Managing the Vampire's Mansion,K.M. Shea,0,Fantasy,Romance,Fiction,271,B0GFGSTZ3J,read,2026-04-25,2026/04/24,2026/04/24-2026/04/24,1
Red Rope of Fate,K.M. Shea,1,Fantasy,Romance,Fiction,224,B00CIGL18O,read,2026-04-12,2026/04/12,2026/04/12-2026/04/12,1
Royal Magic,K.M. Shea,1,Fantasy,Romance,Fiction,304,B07FQV62FR,read,2026-04-13,2026/04/13,2026/04/12-2026/04/13,1
The Games of Enemies and Allies,K.M. Shea,1,Fantasy,Romance,Fiction,369,B0CPBBDL2S,read,2024-05-18,2024/05/18,2024/05/18-2024/05/18,1
The Lies of Vampires and Slayers,K.M. Shea,1,Fantasy,Romance,Fiction,346,B0CP51VDM5,read,2024-05-17,2024/05/17,2024/05/16-2024/05/17,1
The Order of Blood and Ruin,K.M. Shea,1,Fantasy,Romance,Fiction,490,B0CRK6CTFS,read,2024-05-19,2024/05/19,2024/05/18-2024/05/19,1
The Prince's Bargain,K.M. Shea,1,Fantasy,Romance,Fiction,293,B08CTPNQN4,read,2026-04-13,2026/04/15,2026/04/14-2026/04/15,1
The Queen's Crown,K.M. Shea,1,Fantasy,Romance,Fiction,370,9781950635139,read,2025-11-10,2025/11/12,2025/11/12-2025/11/12,1
Ancient and Immortal,K.N. Banet,1,Fantasy,Romance,Fiction,92,B09X3F4PWG,read,2025-10-06,2025/10/06,2025/10/06-2025/10/06,1
Cruel Revenge,K.N. Banet,1,Fantasy,Romance,Fiction,336,B0FQK6GLCG,read,2025-09-27,2025/09/26,2025/09/26-2025/09/26,1
Hearts at War,K.N. Banet,1,Fantasy,Romance,Fiction,331,B099J7MBPR,read,2025-10-08,2025/10/07,2025/10/06-2025/10/07,1
Scarred Resolve,K.N. Banet,1,Fantasy,Romance,Fiction,314,B0D38V6WNY,read,2024-05-30,2024/06/29,2024/06/28-2024/06/29,1
War Games,K.N. Banet,1,Fantasy,Romance,Fiction,319,B0D7DTPNNT,read,2025-02-16,2025/02/15,2025/02/15-2025/02/15,1
False Start,Kandi Steiner,1,Romance,Sports,Fiction,439,B0CW3BPG2V,read,2024-07-12,2024/07/12,2024/07/12-2024/07/12,1
Hail Mary,Kandi Steiner,1,Romance,Sports,Fiction,425,B0BGYQ84FH,read,2024-07-13,2024/07/13,2024/07/13-2024/07/13,1
Quarterback Sneak,Kandi Steiner,1,Romance,Sports,Fiction,352,B0B2X5D21B,read,2024-07-12,2024/07/13,2024/07/12-2024/07/13,1
Chasing the Slipstream,Kanitha P.,1,Romance,Sports,Fiction,476,B0CVB2VRV4,read,2024-08-16,2024/08/17,2024/08/16-2024/08/17,1
Falling Off The Cliff,Kanitha P.,1,Romance,Sports,Fiction,509,9798850754693,read,2024-06-11,2024/06/13,2024/06/12-2024/06/13,1
Speeding Into Overdrive,Kanitha P.,1,Romance,Sports,Fiction,462,B0DKG2RRHM,read,2025-10-26,2025/02/26,2025/02/26-2025/02/26,1
The Crush,Karla Sorensen,1,Romance,Sports,Fiction,302,B09XFLTGKC,read,2025-12-18,2025/12/18,2025/12/18-2025/12/18,1
Bright Lights & Summer Nights,Kat Singleton,1,Romance,Contemporary,Fiction,362,B0CPKNS455,read,2024-05-12,2024/06/27,2024/06/26-2024/06/27,1
Pretty Rings and Broken Things,Kat Singleton,1,Romance,Contemporary,Fiction,337,1958292125,read,2024-04-25,2024/04/24,2024/04/24-2024/04/24,1
Beautiful Nightmare,Katee Robert,1,Fantasy,Romance,Fiction,52,9781662534737,read,2025-09-28,2025/10/15,2025/10/15-2025/10/15,1
Crikey a Bodyguard,Kathryn Freeman,1,Romance,Contemporary,Fiction,329,,read,2024-05-29,2024/05/29,2024/05/28-2024/05/29,1
Season's Schemings,Katie Bailey,1,Romance,Contemporary,Fiction,267,B0CN25HCG7,read,2024-01-30,2024/01/08,2024/01/07-2024/01/08,1
The Quit List,Katie Bailey,1,Romance,Contemporary,Fiction,345,B0CF69XNN3,read,2024-05-12,2024/05/12,2024/05/11-2024/05/12,1
The Roommate Situation,Katie Bailey,1,Romance,Contemporary,Fiction,276,B09233Z1QS,read,2024-01-30,2024/01/10,2024/01/10-2024/01/10,1
Jump Start,Kayla James,1,Romance,Sports,Fiction,454,9798218564254,read,2025-08-11,2025/08/11,2025/08/11-2025/08/11,1
Lights Out,Kayla James,1,Romance,Sports,Fiction,404,B0CBQ195HX,read,2024-03-13,2024/03/13,2024/03/13-2024/03/13,1
Blood Trial,Kelly St. Clare,1,Fantasy,Romance,Fiction,484,9781705824955,read,2024-07-23,2024/07/21,2024/07/21-2024/07/21,1
Death Game,Kelly St. Clare,1,Fantasy,Romance,Fiction,366,B081BD8Q1R,read,2024-07-23,2024/07/22,2024/07/21-2024/07/22,1
Last Gift,Kelly St. Clare,1,Fantasy,Romance,Fiction,465,,read,2024-03-07,2024/03/07,2024/03/03-2024/03/07,1
Love & Curse Making,Kelly St. Clare,1,Fantasy,Romance,Fiction,267,B09NLJGD5L,read,2025-08-18,2025/08/17,2025/08/16-2025/08/17,1
Love & Heart Braking,Kelly St. Clare,1,Fantasy,Romance,Fiction,432,B09SNS3XG7,read,2025-08-18,2025/08/19,2025/08/19-2025/08/19,1
Love & Magic Shaking,Kelly St. Clare,1,Fantasy,Romance,Fiction,325,B09Q3GNVP5,read,2025-08-18,2025/08/18,2025/08/18-2025/08/18,1
Vampire Debt,Kelly St. Clare,1,Fantasy,Romance,Fiction,430,B081BCJ6Y4,read,2024-07-23,2024/07/23,2024/07/22-2024/07/23,1
Close Knit,"Kels Stone, Denise Stone",1,Romance,Sports,Fiction,436,B0D156BXVJ,read,2024-12-27,2024/12/18,2024/12/17-2024/12/18,1
Highest Point,"Kels Stone, Denise Stone",1,Romance,Contemporary,Fiction,356,9781964675145,read,2025-11-15,2025/11/15,2025/11/15-2025/11/15,1
On Guard,"Kels Stone, Denise Stone",1,Romance,Sports,Fiction,470,9781964675046,read,2025-11-15,2025/11/14,2025/11/14-2025/11/14,1
Brutal Score,Kenna King,1,Romance,Sports,Fiction,318,,read,2024-07-29,2024/07/29,2024/07/29-2024/07/29,1
Dirty Score,Kenna King,1,Romance,Sports,Fiction,316,B0CY7XVHJH,read,2024-08-01,2024/08/01,2024/07/31-2024/08/01,1
Lucky Score,Kenna King,1,Romance,Sports,Fiction,372,,read,2024-07-30,2024/07/31,2024/07/30-2024/07/31,1
Rough Score,Kenna King,1,Romance,Sports,Fiction,339,B0CTHMNK8S,read,2024-07-29,2024/07/28,2024/07/27-2024/07/28,1
License to Curse,Kim Richardson,1,Fantasy,Mystery,Fiction,281,B0DMT51R2B,read,2026-08-21,2026/08/21,2026/08/20-2026/08/21,1
Magical Misconduct,Kim Richardson,1,Fantasy,Mystery,Fiction,281,B0FDK1FTQJ,read,2026-08-21,2026/08/24,2026/08/22-2026/08/24,1
Witch on Probation,Kim Richardson,1,Fantasy,Mystery,Fiction,287,B0FCYYFXTS,read,2026-08-21,2026/08/22,2026/08/21-2026/08/22,1
Witch Under Fire,Kim Richardson,1,Fantasy,Mystery,Fiction,378,B0FZLWP66B,read,2026-08-21,2026/08/25,2026/08/24-2026/08/25,1
My Boyfriends Are All Monsters,Kimberly Lemming,1,Fantasy,Romance,Fiction,52,9781662534034,read,2025-09-28,2025/10/15,2025/10/15-2025/10/15,1
Heart Trick,Kristen Granata,1,Romance,Sports,Fiction,188,,read,2024-05-09,2024/05/09,2024/05/09-2024/05/09,1
Puck Pact,Kristen Granata,1,Romance,Sports,Fiction,391,9786876502651,read,2024-05-09,2024/05/09,2024/05/09-2024/05/09,1
Of Mischief & Mages,L.J. Andrews,1,Fantasy,Romance,Fiction,395,B0CJ3FHS2D,read,2025-09-22,2025/09/28,2025/09/27-2025/09/28,1
Cold Hearted Casanova,L.J. Shen,1,Romance,Contemporary,Fiction,422,B0BSXWC8JJ,read,2024-08-19,2024/08/19,2024/08/18-2024/08/19,1
Custards & Crowns,Laura Greenwood,1,Romance,Fantasy,Fiction,139,9798232912352,read,2026-03-20,2026/03/19,2026/03/18-2026/03/19,1
Dragons and Dumplings,Laura Greenwood,1,Romance,Fantasy,Fiction,88,B0F73Z2RVG,read,2025-05-24,2025/05/23,2025/05/23-2025/05/23,1
Love Letters & Lemon Drops,Laura Greenwood,1,Romance,Fantasy,Fiction,120,,read,2025-05-24,2025/06/09,2025/06/08-2025/06/09,1
Princesses & Pastries,Laura Greenwood,1,Romance,Fantasy,Fiction,136,B0F6218696,read,2025-06-09,2025/11/13,2025/11/13-2025/11/13,1
Tarts & Tiaras,Laura Greenwood,1,Romance,Fantasy,Fiction,143,1230009752290,read,2026-07-06,2026/07/05,2026/07/04-2026/07/05,1
Love Unwritten,Lauren Asher,1,Romance,Contemporary,Fiction,612,9780349437996,read,2024-05-12,2024/06/26,2024/06/25-2024/06/26,1
Betrothal or Breakaway,Leah Brunner,1,Romance,Sports,Fiction,318,B0CH5X7JWG,read,2024-05-30,2024/05/30,2024/05/29-2024/05/30,1
Bad Boys Bring Heaven,Leah K. Plamm,1,Romance,Contemporary,Fiction,414,9786197592047,read,2024-05-05,2024/05/05,2024/05/04-2024/05/05,1
Worthy: Book 1,Leigh James,1,Romance,Contemporary,Fiction,81,B0D1J9V88V,read,2025-08-28,2025/08/28,2025/08/28-2025/08/28,1
Worthy: Book 2,Leigh James,1,Romance,Contemporary,Fiction,75,B0D366N17G,read,2025-08-28,2025/08/28,2025/08/28-2025/08/28,1
Worthy: Book 3,Leigh James,1,Romance,Contemporary,Fiction,81,B0D4WW7KC1,read,2025-08-28,2025/08/28,2025/08/28-2025/08/28,1
Worthy: Book 4,Leigh James,1,Romance,Contemporary,Fiction,86,B0CXSC89N1,read,2025-08-28,2025/08/28,2025/08/28-2025/08/28,1
The Princess of Death,Leona Reed,1,Fantasy,Romance,Fiction,526,B0D1RMTZMM,read,2024-12-02,2024/12/02,2024/12/01-2024/12/02,1
The Siren's Reaper,Leona Reed,1,Fantasy,Romance,Fiction,341,B0GQD5YG76,read,2026-07-18,2026/07/13,2026/07/10-2026/07/13,1
Caught Up,Liz Tomforde,1,Romance,Sports,Fiction,408,B0BSL6GMZX,read,2024-03-12,2024/03/12,2024/03/12-2024/03/12,1
The Right Move,Liz Tomforde,1,Romance,Sports,Fiction,428,B0B2L6CBXQ,read,2024-03-09,2024/03/09,2024/03/08-2024/03/09,1
Love Bites,Lola Glass,1,Fantasy,Romance,Fiction,295,B0DP58PDDH,read,2025-08-26,2025/08/26,2025/08/26-2025/08/26,1
Love Bites Extra Hard,Lola Glass,1,Fantasy,Romance,Fiction,288,B0DT75NBL8,read,2025-08-26,2025/08/27,2025/08/27-2025/08/27,1
Love Bites Hard,Lola Glass,1,Fantasy,Romance,Fiction,295,B0DP55RVHG,read,2025-08-26,2025/08/26,2025/08/26-2025/08/26,1
Love Bites Harder,Lola Glass,1,Fantasy,Romance,Fiction,276,B0DQVFSWZ6,read,2025-08-26,2025/08/26,2025/08/26-2025/08/26,1
Love Bites Really Hard,Lola Glass,1,Fantasy,Romance,Fiction,283,B0DSJQN1KJ,read,2025-08-26,2025/08/26,2025/08/26-2025/08/26,1
Overtake,Lucille Lillian,1,Romance,Sports,Fiction,176,B0C9V42X7Q,read,2024-05-28,2024/05/28,2024/05/28-2024/05/28,1
Chasing the Puck,Lyssa Lemire,1,Romance,Sports,Fiction,282,B0D948SB6T,read,2026-01-02,2026/01/02,2026/01/01-2026/01/02,1
In the Net,Lyssa Lemire,1,Romance,Sports,Fiction,295,B0FQ719XHX,read,2025-12-29,2025/12/29,2025/12/28-2025/12/29,1
Offside Play,Lyssa Lemire,1,Romance,Sports,Fiction,318,B0CZBGQ5F9,read,2026-01-02,2025/12/31,2025/12/30-2025/12/31,1
Freezing Bonds that Tie our Hearts,Macy T. Riosa,0,Romance,Thriller,Fiction,170,,read,2025-11-29,2025/11/29,2025/11/29-2025/11/29,1
Make You Wish I Was Dead,Macy T. Riosa,1,Romance,Mystery,Fiction,315,,read,2025-11-29,2025/11/29,2025/11/29-2025/11/29,1
Red Roses & Black Dahlias,Macy T. Riosa,1,Romance,Mystery,Fiction,402,B0BQJJSZPB,read,2024-05-09,2024/05/09,2024/05/09-2024/05/09,1
Soulless Rivalry,Macy T. Riosa,1,Romance,Contemporary,Fiction,291,,read,2025-11-29,2026/01/05,2026/01/04-2026/01/05,1
Asian American History: A Very Short Introduction,Madeline Y. Hsu,0,History,Sociology,Non-fiction,184,9780190219765,read,2024-11-09,2024/10/29,2024/09/09-2024/10/29,1
Pick Six,Maggie Rawdon,1,Romance,Sports,Fiction,350,,read,2024-06-11,2024/06/30,2024/06/30-2024/06/30,1
Wild Card,Maggie Rawdon,1,Romance,Sports,Fiction,319,B0CBCPNKMF,read,2024-07-02,2024/07/03,2024/07/02-2024/07/03,1
Always a Bridesmaid,Marina Adair,1,Romance,Sports,Fiction,221,,read,2024-05-28,2024/05/28,2024/05/28-2024/05/28,1
Assassin of Fire and Sacrifice,Mary Mecham,1,Fantasy,Romance,Fiction,231,B0CR9FQ3B3,read,2025-02-16,2025/02/16,2025/02/16-2025/02/16,1
Of Death And Darkness,Megan Montero,1,Fantasy,Romance,Fiction,295,B0CJ44JL8V,read,2025-09-22,2025/09/22,2025/09/21-2025/09/22,1
The Cybernetic Tea Shop,Meredith Katz,1,Fantasy,Sci-fi,Fiction,112,9781989646151,read,2025-05-30,2025/05/30,2025/05/29-2025/05/30,1
Icebound,Meredith Trapp,1,Romance,Sports,Fiction,389,B0C8W48NYH,read,2024-04-27,2024/04/27,2024/04/25-2024/04/27,1
Arrogant Heir,Michelle Heard,1,Romance,Crime,Fiction,403,9798572083033,read,2024-06-02,2024/06/02,2024/06/01-2024/06/02,1
Death,Michelle Heard,1,Romance,Crime,Fiction,279,B0F3QM2FKK,read,2025-08-21,2025/08/21,2025/08/21-2025/08/21,1
Drawn To Darkness,Michelle Heard,1,Romance,Crime,Fiction,256,B0CV21M6RW,read,2024-05-12,2024/06/03,2024/06/03-2024/06/03,1
Forbidden Heir,Michelle Heard,1,Romance,Crime,Fiction,336,9798718266597,read,2024-05-31,2024/06/01,2024/06/01-2024/06/01,1
God Of Vengeance,Michelle Heard,1,Romance,Crime,Fiction,445,B0DF6Q353Y,read,2024-08-28,2024/08/28,2024/08/28-2024/08/28,1
Hunted By A Shadow,Michelle Heard,1,Romance,Crime,Fiction,390,B0CPQ4G7LT,read,2024-02-06,2024/02/05,2024/02/05-2024/02/05,1
Lake,Michelle Heard,1,Romance,Crime,Fiction,316,9781706296553,read,2024-05-31,2024/05/31,2024/05/30-2024/05/31,1
Tempted Heir,Michelle Heard,1,Romance,Crime,Fiction,323,9798718263497,read,2024-05-31,2024/06/01,2024/05/31-2024/06/01,1
The Devil,Michelle Heard,1,Romance,Crime,Fiction,280,B0FMR8TKPW,read,2025-11-01,2025/11/01,2025/11/01-2025/11/01,1
The Empress,Michelle Heard,1,Romance,Crime,Fiction,286,B0FK3CLMC8,read,2025-08-21,2025/08/21,2025/08/21-2025/08/21,1
The Hermit,Michelle Heard,1,Romance,Crime,Fiction,268,B0DS2GB6NF,read,2025-08-19,2025/08/20,2025/08/20-2025/08/20,1
The High Priestess,Michelle Heard,1,Romance,Crime,Fiction,262,B0DVCH9G3H,read,2025-08-20,2025/08/20,2025/08/20-2025/08/20,1
Runebreaker,Mila Finch,1,Fantasy,Romance,Fiction,485,,read,2026-04-25,2026/04/25,2026/04/25-2026/04/25,1
The Fake Date Formula,Mina Sinclair,1,Romance,Sports,Fiction,381,,read,2024-05-28,2024/05/28,2024/05/27-2024/05/28,1
Birthday Kisses,Monica Murphy,1,Romance,Contemporary,Fiction,50,B0BQMZ8XV2,read,2024-05-26,2024/05/26,2024/05/26-2024/05/26,1
The Reckless Union,Monica Murphy,1,Romance,Contemporary,Fiction,304,,read,2024-05-27,2024/05/27,2024/05/26-2024/05/27,1
The Reluctant Bride,Monica Murphy,1,Romance,Contemporary,Fiction,350,,read,2024-05-26,2024/05/26,2024/05/26-2024/05/26,1
The Ruthless Groom,Monica Murphy,1,Romance,Contemporary,Fiction,302,B09YQK7D4Q,read,2024-05-27,2024/05/27,2024/05/26-2024/05/27,1
The Bookshop and the Barbarian,Morgan Stang,0,Fantasy,Romance,Fiction,201,B0BQPSZKJV,read,2025-08-08,2025/08/09,2025/08/07-2025/08/09,1
Contractually Yours,Nadia Lee,1,Romance,Contemporary,Fiction,350,B0C52YZGTG,read,2025-12-01,2023,2023,1
Her Wicked Husband,Nadia Lee,1,Romance,Contemporary,Fiction,365,B0F2SK1BQT,read,2025-11-29,2025/11/29,2025/11/29-2025/11/29,1
The Accidental Marriage,Nadia Lee,1,Romance,Contemporary,Fiction,340,B0DRSZZG7N,read,2025-11-29,2025/11/30,2025/11/30-2025/11/30,1
The Unwanted Bride,Nadia Lee,1,Romance,Contemporary,Fiction,374,B0CLN9CRMF,read,2024-11-09,2024/11/07,2024/11/05-2024/11/07,1
Beautiful Beast,Neva Altaj,1,Romance,Crime,Fiction,372,B0CW1F9Y7C,read,2025-01-03,2025/01/03,2025/01/02-2025/01/03,1
Broken Whispers,Neva Altaj,1,Romance,Crime,Fiction,232,B09ZPQN2NZ,read,2024-02-17,2024/02/17,2024/02/16-2024/02/17,1
Burned Dreams,Neva Altaj,1,Romance,Crime,Fiction,289,B0BY34YKZN,read,2024-02-23,2024/02/22,2024/02/20-2024/02/22,1
Darkest Sins,Neva Altaj,1,Romance,Crime,Fiction,372,B0CKM79RHT,read,2024-02-25,2024/05/08,2024/05/06-2024/05/08,1
Fractured Souls,Neva Altaj,1,Romance,Crime,Fiction,247,B0BNFG3C3D,read,2024-02-21,2024/02/20,2024/02/20-2024/02/20,1
Hidden Truths,Neva Altaj,1,Romance,Crime,Fiction,257,B0B1HBNG6G,read,2024-02-18,2024/02/18,2024/02/17-2024/02/18,1
Precious Hazard,Neva Altaj,1,Romance,Crime,Fiction,415,B0DL6ZC54H,read,2025-08-16,2025/08/17,2025/08/16-2025/08/17,1
Ruined Secrets,Neva Altaj,1,Romance,Crime,Fiction,277,B0B1GXP2TR,read,2024-02-19,2024/02/18,2024/02/18-2024/02/18,1
Silent Lies,Neva Altaj,1,Romance,Crime,Fiction,342,B0CB76H7YK,read,2024-02-25,2024/02/25,2024/02/23-2024/02/25,1
Stolen Touches,Neva Altaj,1,Romance,Crime,Fiction,280,B0B214J6LT,read,2024-02-20,2024/02/19,2024/02/18-2024/02/19,1
Sweet Prison,Neva Altaj,1,Romance,Crime,Fiction,367,,read,2025-01-01,2025/01/01,2024/12/31-2025/01/01,1
Fate of the Sun King,Nisha J. Tuli,1,Fantasy,Romance,Fiction,538,9781990898099,read,2024-12-22,2024/12/21,2024/12/20-2024/12/21,1
Rule of the Aurora King,Nisha J. Tuli,1,Fantasy,Romance,Fiction,503,9781990898044,read,2024-12-22,2024/12/20,2024/12/19-2024/12/20,1
Tale of the Heart Queen,Nisha J. Tuli,1,Fantasy,Romance,Fiction,656,9781538767696,read,2024-12-22,2024/12/22,2024/12/22-2024/12/22,2
Trial of the Sun Queen,Nisha J. Tuli,1,Fantasy,Romance,Fiction,392,9781778126963,read,2024-12-22,2024/12/18,2024/12/18-2024/12/18,1
Legends and Librarians,Pandora Pierce,1,Fantasy,Romance,Fiction,271,9781960239068,read,2025-08-10,2025/08/09,2025/08/09-2025/08/09,1
Unloved,Peyton Corinne,1,Romance,Sports,Fiction,452,1668068486,read,2024-08-03,2025/06/19,2025/06/16-2025/06/19,1
Unsteady,Peyton Corinne,1,Romance,Sports,Fiction,367,,read,2024-01-30,2024/01/11,2024/01/10-2024/01/11,1
Vows of deceit,R. J. Woltemas,1,Romance,Contemporary,Fiction,138,B0FFYKD9XG,read,2025-11-29,2025/11/28,2025/11/28-2025/11/28,1
Bound by vows and betrayal,R. J. Woltemas,1,Romance,Contemporary,Fiction,203,,read,2025-11-29,2025/11/27,2025/11/27-2025/11/27,1
The billionaire's secret heir,R. J. Woltemas,1,Romance,Contemporary,Fiction,179,,read,2025-11-29,2025/11/28,2025/11/28-2025/11/28,1
Healer to the Ash King,Rebecca F. Kenney,1,Fantasy,Romance,Fiction,426,B09X2M7S9D,read,2024-01-30,2024/01/09,2024/01/09-2024/01/09,1
Burnout,Rebecca Jenshak,1,Romance,Sports,Fiction,376,9781951815721,read,2025-12-09,2025/12/09,2025/12/07-2025/12/09,1
Comeback,Rebecca Jenshak,1,Romance,Sports,Fiction,452,B0D98JYB5S,read,2025-12-09,2025/12/14,2025/12/11-2025/12/14,1
Playbook,Rebecca Jenshak,1,Romance,Sports,Fiction,460,B0D157W4P6,read,2024-08-10,2024/08/10,2024/08/07-2024/08/10,1
Divine Rivals,Rebecca Ross,1,Fantasy,Romance,Fiction,357,9781250857439,read,2024-11-29,2024/11/23,2024/11/20-2024/11/23,1
Ruthless Vows,Rebecca Ross,1,Fantasy,Romance,Fiction,420,9781250857453,read,2024-11-29,2024/11/28,2024/11/24-2024/11/28,1
A Pirate's Life for Tea,Rebecca Thorne,1,Fantasy,Romance,Fiction,370,9781250333179,read,2025-04-22,2025/04/24,2025/04/22-2025/04/24,1
Alchemy and a Cup of Tea,Rebecca Thorne,1,Fantasy,Romance,Fiction,310,9781250333278,read,2025-04-22,2025/08/30,2025/08/29-2025/08/30,1
Can't Spell Treason Without Tea,Rebecca Thorne,1,Fantasy,Romance,Fiction,443,9798986692418,read,2025-04-22,2025/04/22,2025/04/21-2025/04/22,1
Tea You at the Altar,Rebecca Thorne,1,Fantasy,Romance,Fiction,336,9781250333254,read,2025-04-22,2025/04/26,2025/04/24-2025/04/26,1
The Coralcrest,Rebecca Thorne,1,Fantasy,Romance,Fiction,27,,read,2025-04-26,2025/04/26,2025/04/26-2025/04/26,1
In the Likely Event,Rebecca Yarros,1,Fantasy,Romance,Fiction,338,9781662511561,read,2024-01-30,2024/01/07,2024/01/06-2024/01/07,1
The Chalice of the Gods,Rick Riordan,1,Fantasy,YA,Fiction,268,9781368098175,read,2024-05-13,2024/05/12,2024/05/12-2024/05/12,1
Space Vampire,Ruby Dixon,1,Fantasy,Romance,Fiction,77,9781662533884,read,2025-09-28,2025/10/14,2025/10/14-2025/10/14,1
Boarded Hearts,Ruth Stilling,1,Romance,Sports,Fiction,334,B0CTYFPTPJ,read,2024-07-23,2024/07/23,2024/07/22-2024/07/23,1
Dead Rinker,Ruth Stilling,1,Romance,Sports,Fiction,,,did-not-finish,2024-07-23,,,0
Frozen Over,Ruth Stilling,1,Romance,Sports,Fiction,334,B0D1CPWVZJ,read,2024-07-23,2024/07/25,2024/07/25-2024/07/25,1
Full Tilt,Ruth Stilling,1,Romance,Sports,Fiction,383,B0F7172DT6,read,2025-12-25,2025/12/26,2025/12/26-2025/12/26,1
Perfect Deke,Ruth Stilling,1,Romance,Sports,Fiction,325,9781068600043,read,2025-12-24,2025/12/24,2025/12/24-2025/12/24,1
Shots Fired,Ruth Stilling,1,Romance,Sports,Fiction,429,,read,2025-12-25,2025/12/25,2025/12/25-2025/12/25,1
Total Shutdown,Ruth Stilling,1,Romance,Sports,Fiction,338,B0DVGNKNWZ,read,2025-12-23,2025/12/23,2025/12/23-2025/12/23,1
Nero,S.J. Tilly,1,Romance,Crime,Fiction,368,B0BT5W1Q3P,read,2024-05-26,2024/05/25,2024/05/24-2024/05/25,1
Cursed Cocktails,S.L. Rowland,1,Fantasy,Romance,Fiction,8,B0BT8S49LX,read,2025-07-31,2025/07/31,2025/07/30-2025/07/31,1
Flint & Embers: Cursed Cocktails Bonus Epilogue,S.L. Rowland,1,Fantasy,Romance,Fiction,15,,read,2025-07-31,2025/07/31,2025/07/31-2025/07/31,1
Midwinter Comfort: A Cursed Cocktails Holiday Special,S.L. Rowland,1,Fantasy,Romance,Fiction,252,,read,2025-07-31,2025/07/31,2025/07/31-2025/07/31,1
Sword & Thistle,S.L. Rowland,1,Fantasy,Romance,Fiction,256,B0CFG86DKR,read,2025-08-02,2025/08/01,2025/07/31-2025/08/01,1
The Halfling's Harvest,S.L. Rowland,1,Fantasy,Romance,Fiction,314,B0D6BVGJ1G,read,2025-08-05,2025/08/05,2025/08/03-2025/08/05,1
Broken,Sadie Kincaid,1,Romance,Contemporary,Fiction,396,B0CCPNVNVK,read,2024-08-20,2024/08/20,2024/08/20-2024/08/20,1
Revived,Samantha Towle,1,Romance,Sports,Fiction,312,,read,2025-11-26,2025/11/27,2025/11/27-2025/11/27,1
Revved,Samantha Towle,1,Romance,Sports,Fiction,410,9781508776208,read,2025-11-26,2025/11/26,2025/11/24-2025/11/26,1
Bruiser,Samantha Whiskey,1,Romance,Sports,Fiction,324,B07MQN36LJ,read,2024-07-28,2024/07/27,2024/07/27-2024/07/27,1
Crossland,Samantha Whiskey,1,Romance,Contemporary,Fiction,263,B0CVSPZ674,read,2024-04-23,2024/04/23,2024/04/23-2024/04/23,1
The Rule Book,Sarah Adams,1,Romance,Sports,Fiction,368,9780593723678,read,2024-07-07,2024/07/11,2024/07/09-2024/07/11,1
Sea of Charms,Sarah Beth Durst,1,Fantasy,Romance,Fiction,368,9781250400673,read,2026-05-03,2026/08/14,2026/08/11-2026/08/14,1
The Enchanted Greenhouse,Sarah Beth Durst,1,Fantasy,Romance,Fiction,374,9781250333988,read,2024-12-27,2025/07/26,2025/07/23-2025/07/26,1
The Spellshop,Sarah Beth Durst,1,Fantasy,Romance,Fiction,376,9781035042326,read,2024-12-27,2024/12/25,2024/12/23-2024/12/25,1
The Poison Daughter,Sheila Masterson,0,Fantasy,Romance,Fiction,666,,read,2026-04-27,2026/04/26,2026/04/25-2026/04/26,1
Girls That Invest: Your Guide to Financial Independence through Shares and Stocks,Simran Kaur,0,Business,Economics,Non-fiction,245,9781119893783,read,2024-06-09,2024/06/22,2024/06/09-2024/06/22,1
Mother Pucker,Swati M.H.,1,Romance,Sports,Fiction,285,,read,2024-04-20,2024/04/19,2024/04/19-2024/04/19,1
Fly to Fury,Tara Grayce,1,Fantasy,Romance,Fiction,302,B0DDYBY89C,read,2025-01-20,2025/08/25,2025/08/25-2025/08/25,1
Hearts and Shadows,Tara Grayce,0,Fantasy,Romance,Fiction,198,B0G5S8C6LV,read,2026-04-11,2026/04/11,2026/04/11-2026/04/11,1
Mountain of Dragons and Sacrifice,Tara Grayce,1,Fantasy,Romance,Fiction,193,B0CRBMCTGT,read,2025-01-21,2025/01/21,2025/01/21-2025/01/21,1
Pretense,Tara Grayce,1,Fantasy,Romance,Fiction,528,B08YX8MP5F,read,2025-01-20,2025/01/16,2025/01/15-2025/01/16,1
Shield Band,Tara Grayce,1,Fantasy,Romance,Fiction,486,B09PZBXMD6,read,2025-01-20,2025/01/18,2025/01/17-2025/01/18,1
Stalk the Sky,Tara Grayce,1,Fantasy,Romance,Fiction,324,,read,2025-01-20,2025/01/21,2025/01/20-2025/01/21,1
Storm to Victory,Tara Grayce,1,Fantasy,Romance,Fiction,423,9781943442669,read,2025-10-25,2025/10/25,2025/10/24-2025/10/25,1
Ties of Bargains,Tara Grayce,1,Fantasy,Romance,Fiction,336,B0DP18P38K,read,2025-08-25,2025/08/25,2025/08/25-2025/08/25,1
Winds of Death,Tara Grayce,1,Fantasy,Romance,Fiction,360,1943442649,read,2025-10-07,2025/10/08,2025/10/07-2025/10/08,1
Wings of War,Tara Grayce,1,Fantasy,Romance,Fiction,298,B0CM7GGGHY,read,2025-01-20,2025/01/19,2025/01/18-2025/01/19,1
Blind Pass,Teagan Hunter,1,Romance,Sports,Fiction,320,B09JZSS8P3,read,2024-01-30,2024/01/01,2024/01/01-2024/01/01,2
Body Check,Teagan Hunter,1,Romance,Sports,Fiction,336,B0C4HZ868L,read,2025-11-22,2023,2023-2023,1
Delayed Penalty,Teagan Hunter,1,Romance,Sports,Fiction,432,B0CRMP3C27,read,2024-06-08,2024/12/15,2024/12/14-2024/12/15,1
Empty Net,Teagan Hunter,1,Romance,Sports,Fiction,361,B0DFN2F465,read,2024-12-15,2025/11/20,2025/11/19-2025/11/20,1
Face Off,Teagan Hunter,1,Romance,Sports,Fiction,412,B0CGTN1X5Q,read,2024-01-30,2024/01/27,2024/01/26-2024/01/27,1
Glove Save,Teagan Hunter,1,Romance,Sports,Fiction,352,B0BJ7J2Q5Q,read,2024-01-30,2024/01/05,2024/01/05-2024/01/05,1
Neutral Zone,Teagan Hunter,1,Romance,Sports,Fiction,314,B0BV65TZZY,read,2024-01-30,2024/01/06,2024/01/06-2024/01/06,1
One-Timer,Teagan Hunter,1,Romance,Sports,Fiction,263,B09QH91PQN,read,2024-01-30,2024/01/02,2024/01/02-2024/01/02,1
Puck Shy,Teagan Hunter,1,Romance,Sports,Fiction,344,B09B3F486B,read,2025-11-23,2023,2023/12/31-2023,1
Scoring Chance,Teagan Hunter,1,Romance,Sports,Fiction,320,B0B6CLPS7K,read,2024-01-30,2024/01/04,2024/01/04-2024/01/04,1
Sin Bin,Teagan Hunter,1,Romance,Sports,Fiction,332,B09VFLG37Q,read,2024-01-30,2024/01/03,2024/01/03-2024/01/03,1
Top Shelf,Teagan Hunter,1,Romance,Sports,Fiction,321,B0F234BYQV,read,2025-11-22,2025/11/22,2025/11/21-2025/11/22,1
Breaking Away,Toni Aleo,1,Romance,Sports,Fiction,312,B00KVOTDRQ,read,2024-01-30,2024/01/12,2024/01/12-2024/01/12,1
The Bloodline War,Tracy Tappan,1,Fantasy,Romance,Fiction,352,9780991261307,read,2025-03-31,2025/03/29,2025/03/25-2025/03/29,1
Legends & Lattes,Travis Baldree,1,Fantasy,YA,Fiction,305,9798985663211,read,2024-07-07,2024/07/08,2024/07/06-2024/07/08,1
A Broken Contract,Vanessa Nelson,1,Fantasy,Mystery,Fiction,334,B0D81JBDMS,read,2025-10-28,2025/10/29,2025/10/28-2025/10/29,1
A Fractured Conclave,Vanessa Nelson,1,Fantasy,Mystery,Fiction,395,B0GF2JTDQ9,read,2026-07-18,2026/07/22,2026/07/19-2026/07/22,1
A Lost Treasure,Vanessa Nelson,1,Fantasy,Mystery,Fiction,323,B0DLGXB5SC,read,2025-10-28,2025/10/29,2025/10/29-2025/10/29,1
A Usual Suspect,Vanessa Nelson,1,Fantasy,Mystery,Fiction,244,B0CTMV2RH1,read,2025-10-28,2025/10/28,2025/10/26-2025/10/28,1
An Uneasy Peace,Vanessa Nelson,1,Fantasy,Mystery,Fiction,398,B0FLY3143G,read,2025-10-28,2026/01/27,2026/01/27-2026/01/27,1
An Unwanted Heir,Vanessa Nelson,1,Fantasy,Mystery,Fiction,328,B0F2B47BQN,read,2025-10-28,2025/10/31,2025/10/30-2025/10/31,1
Ascension Day,Vanessa Nelson,1,Fantasy,Mystery,Fiction,342,B0B3W3FY5B,read,2025-11-07,2025/11/09,2025/11/09-2025/11/09,1
Assassin's Noon,Vanessa Nelson,1,Fantasy,Mystery,Fiction,235,B09JXJ31N6,read,2025-11-07,2025/11/09,2025/11/07-2025/11/09,1
Called,Vanessa Nelson,1,Fantasy,Mystery,Fiction,265,B0BWFTRT13,read,2024-05-23,2024/05/22,2024/05/21-2024/05/22,1
Chosen,Vanessa Nelson,1,Fantasy,Mystery,Fiction,238,B0CKS1QQ1L,read,2024-05-23,2024/05/23,2024/05/23-2024/05/23,1
Deadly Night,Vanessa Nelson,1,Fantasy,Mystery,Fiction,322,B08ZVBHH9M,read,2025-11-07,2025/11/05,2025/11/03-2025/11/05,1
False Dawn,Vanessa Nelson,1,Fantasy,Mystery,Fiction,263,B09479878W,read,2025-11-07,2025/11/06,2025/11/06-2025/11/06,1
Flightless Afternoon,Vanessa Nelson,1,Fantasy,Mystery,Fiction,209,B09SZCR8KR,read,2025-11-07,2025/11/09,2025/11/09-2025/11/09,1
Forged,Vanessa Nelson,1,Fantasy,Mystery,Fiction,269,B0C9N2T8VR,read,2024-05-23,2024/05/23,2024/05/23-2024/05/23,1
Hunted,Vanessa Nelson,1,Fantasy,Mystery,Fiction,238,B0C3SCHF14,read,2024-05-23,2024/05/23,2024/05/23-2024/05/23,1
Morning Trap,Vanessa Nelson,1,Fantasy,Mystery,Fiction,332,B09B11HYBV,read,2025-11-07,2025/11/06,2025/11/06-2025/11/06,1
Outcast,Vanessa Nelson,1,Fantasy,Mystery,Fiction,241,,read,2024-05-22,2024/05/22,2024/05/20-2024/05/22,1
Trick Play,Veronica Eden,1,Romance,Sports,Fiction,149,B0CHNFV4KP,read,2024-06-07,2024/06/08,2024/06/06-2024/06/08,1
The Lost Book of the White,"Wesley Chu, Cassandra Clare",1,Fantasy,Romance,Fiction,368,9781471162121,read,2024-08-14,2024/08/13,2024/08/12-2024/08/13,1